Yoodall,Matilde,7493 Sheridan Park,928-910-2954,myoodall0@dropbox.com
Bain,Archibaldo,28377 Warrior Way,566-458-9206,abain1@latimes.com
De La Coste,Coop,179 Brentwood Circle,408-751-6400,cdelacoste2@odnoklassniki.ru
Dunkinson,Renata,513 Gina Road,505-743-4113,rdunkinson3@cornell.edu
Adacot,Meryl,22528 Crownhardt Trail,314-858-6339,madacot4@chronoengine.com
Wasmer,Darby,469 Alpine Avenue,219-146-5174,dwasmer5@wisc.edu
Tooker,Hildegaard,0 Buhler Pass,148-106-8809,htooker6@princeton.edu
Prahl,Annetta,34 Warner Avenue,474-864-0695,aprahl7@digg.com
Shovelton,Lilias,6 High Crossing Road,139-899-9721,lshovelton8@ihg.com
Wylder,Trina,956 Erie Street,871-123-8882,twylder9@merriam-webster.com
Bransby,Gavra,464 Cody Court,760-913-1088,gbransbya@sourceforge.net
Logue,Alley,08 Manley Lane,653-151-2650,alogueb@ocn.ne.jp
Clee,Dorthea,27713 Larry Terrace,930-858-2045,dcleec@homestead.com
Kiddell,Ginni,21 Schmedeman Point,927-347-8939,gkiddelld@berkeley.edu
Stoakes,Berrie,23674 Mariners Cove Plaza,844-557-3218,bstoakese@guardian.co.uk
Chopping,Emmery,7687 Morningstar Junction,923-356-6291,echoppingf@cnbc.com
Gable,Neely,95724 Mifflin Junction,205-733-1513,ngableg@go.com
McClelland,Kale,7394 Hooker Junction,392-383-4021,kmcclellandh@google.ca
Lipgens,Ora,403 Hoard Lane,559-527-4635,olipgensi@desdev.cn
Marvelley,Hedvige,51974 Mayfield Plaza,554-550-0647,hmarvelleyj@123-reg.co.uk
Barnwell,Gunilla,85 Bluejay Pass,195-707-4003,gbarnwellk@spotify.com
Yanin,Tristan,0120 Sutherland Circle,340-884-4058,tyaninl@ning.com
Lile,Persis,4 Randy Street,826-202-4044,plilem@apple.com
Tuckerman,Kirby,682 Stephen Hill,433-590-3330,ktuckermann@sbwire.com
Charpling,Carlie,56 Golf Avenue,227-611-0302,ccharplingo@pbs.org
Grzesiewicz,Latashia,4 Scott Terrace,861-451-6362,lgrzesiewiczp@samsung.com
Szach,Rachel,65048 Stephen Trail,479-501-8148,rszachq@wisc.edu
Eastcourt,Brendin,49 Dakota Place,284-459-5213,beastcourtr@freewebs.com
Whacket,Estele,08354 Birchwood Alley,589-862-3468,ewhackets@elegantthemes.com
Ungerechts,Ker,44031 Nevada Point,916-762-9099,kungerechtst@yelp.com
Dederick,Chariot,73 Veith Way,510-768-4125,cdedericku@intel.com
Ibanez,Joanie,33 Dunning Road,951-431-7029,jibanezv@mit.edu
MacGovern,Eliza,064 Bunker Hill Way,676-684-7987,emacgovernw@delicious.com
Silcocks,Abelard,129 Spenser Street,207-243-9193,asilcocksx@xing.com
Wands,Lawrence,9521 Anzinger Park,504-104-9307,lwandsy@alexa.com
Tripp,Tabbie,8 Golden Leaf Parkway,881-235-3749,ttrippz@unesco.org
Oels,Desirae,55 School Court,890-166-8312,doels10@ustream.tv
Scholcroft,Buck,460 Independence Lane,227-931-5936,bscholcroft11@nydailynews.com
Featherston,Nellie,46 Independence Drive,487-239-0532,nfeatherston12@toplist.cz
Leeburne,Stacia,9 Susan Trail,670-537-3594,sleeburne13@fema.gov
Indgs,Oby,6462 Glacier Hill Lane,108-647-6787,oindgs14@irs.gov
McGillacoell,Doralyn,6922 Parkside Terrace,341-324-1357,dmcgillacoell15@sbwire.com
Barwis,Sam,5 Nova Pass,463-699-1315,sbarwis16@shareasale.com
O'Finan,Rube,63 Sutherland Lane,831-532-5906,rofinan17@cocolog-nifty.com
Heak,Godard,3 Homewood Street,660-881-2492,gheak18@quantcast.com
Waghorn,Clare,02 Bay Point,371-282-7427,cwaghorn19@t.co
Heales,Garv,63344 Becker Road,281-333-4177,gheales1a@twitter.com
Pickhaver,Wendall,765 Lukken Way,806-255-0301,wpickhaver1b@photobucket.com
Gelsthorpe,Sandi,1 Riverside Alley,631-800-9528,sgelsthorpe1c@hao123.com
Feldfisher,Nadiya,109 Village Junction,708-760-4327,nfeldfisher1d@state.gov
Skellern,Gibb,61 North Crossing,941-554-1215,gskellern1e@cbslocal.com
Mourge,Daryl,9341 Mosinee Circle,207-265-4869,dmourge1f@topsy.com
Cheale,Gratia,0153 Mockingbird Court,956-556-7677,gcheale1g@slashdot.org
Evitts,Jerrilyn,5 Prairie Rose Hill,985-151-7734,jevitts1h@lycos.com
Philler,Duff,1 Tomscot Road,284-702-8095,dphiller1i@hubpages.com
Margarson,Tony,8214 3rd Place,701-989-3408,tmargarson1j@desdev.cn
Calwell,Callida,536 Ridgeway Road,690-507-0099,ccalwell1k@dailymotion.com
Dockery,Loutitia,44547 Goodland Way,863-640-7420,ldockery1l@ft.com
Marusyak,Cami,4463 Commercial Terrace,235-791-7526,cmarusyak1m@themeforest.net
Alderman,Korrie,15681 Laurel Junction,474-406-9227,kalderman1n@hibu.com
Marran,Marlin,16 Veith Avenue,377-548-6240,mmarran1o@google.pl
Milmith,Bealle,2 Milwaukee Drive,361-208-1450,bmilmith1p@loc.gov
Credland,Evvie,9 Laurel Road,409-523-8298,ecredland1q@google.co.jp
Tousy,Phip,7 Little Fleur Pass,401-119-4672,ptousy1r@behance.net
Michell,Peg,51 Blackbird Crossing,909-518-7514,pmichell1s@ovh.net
McGeouch,Joby,59 Hermina Place,295-429-6310,jmcgeouch1t@usgs.gov
Lalley,Thacher,74 4th Junction,747-185-5626,tlalley1u@blogtalkradio.com
Ronchetti,Gan,6 Fairview Court,604-511-8565,gronchetti1v@rakuten.co.jp
Yare,Nolie,98 Armistice Pass,611-543-1387,nyare1w@nps.gov
Blundin,Lilith,1372 Elgar Street,546-769-6575,lblundin1x@ovh.net
Walliker,Creighton,60561 Ohio Drive,579-885-6035,cwalliker1y@skype.com
Landrieu,Murial,07844 Mitchell Park,838-883-0772,mlandrieu1z@slideshare.net
De Ruggiero,Kylie,36975 Barby Junction,964-170-3891,kderuggiero20@toplist.cz
Aspray,Alexia,39 Michigan Place,806-878-1255,aaspray21@oakley.com
Aldcorne,Madeleine,1 Meadow Ridge Way,748-746-0924,maldcorne22@behance.net
Brownlee,Dalton,85557 Lotheville Pass,369-661-8860,dbrownlee23@wordpress.org
Harrod,Moreen,2544 Oxford Park,497-540-0392,mharrod24@latimes.com
Kiendl,Giacinta,78 Burrows Parkway,692-395-6681,gkiendl25@1und1.de
Dyball,Elita,91 Arapahoe Lane,159-561-5140,edyball26@unicef.org
Cluely,Lilias,59 Toban Drive,135-197-8698,lcluely27@tamu.edu
Ovanesian,Gaile,38715 Colorado Way,985-569-5521,govanesian28@yellowbook.com
Chesswas,Erica,9567 Green Ridge Way,556-975-9814,echesswas29@chicagotribune.com
Hutson,Rosetta,3 Brentwood Place,518-371-1065,rhutson2a@jugem.jp
Kuna,Cynthia,556 Susan Road,855-480-3288,ckuna2b@liveinternet.ru
Tooke,Yevette,88 Bobwhite Court,620-673-8888,ytooke2c@utexas.edu
De Freitas,Loella,8 Dayton Court,285-471-6162,ldefreitas2d@noaa.gov
Sommerland,Garvy,43053 Amoth Street,389-646-7127,gsommerland2e@comsenz.com
Shales,Bradly,31587 Kedzie Center,129-431-3835,bshales2f@t.co
Daynter,Edgard,408 Surrey Plaza,197-807-3832,edaynter2g@stumbleupon.com
Tidder,Alys,9972 Cottonwood Avenue,571-391-1907,atidder2h@surveymonkey.com
Nockells,Chrysa,56239 Waywood Lane,332-805-3086,cnockells2i@soup.io
Pettyfar,Garvin,8400 Raven Point,219-115-8443,gpettyfar2j@craigslist.org
Rankmore,Bobbette,5 New Castle Alley,976-147-6929,brankmore2k@craigslist.org
Budnik,Jennie,8021 Dwight Way,585-317-6178,jbudnik2l@netscape.com
Addis,Marne,14799 2nd Drive,130-981-9702,maddis2m@instagram.com
Brough,Bettina,733 Kings Plaza,877-282-0711,bbrough2n@t.co
Putson,Elijah,10 Lerdahl Center,461-305-0097,eputson2o@wikipedia.org
Vasechkin,Jethro,6 Pierstorff Terrace,254-662-3555,jvasechkin2p@samsung.com
McEnteggart,Berkley,872 Rowland Trail,294-394-4986,bmcenteggart2q@state.tx.us
Poter,Devlen,2581 Morningstar Center,997-894-6305,dpoter2r@hibu.com
Burrus,Sergent,97492 Loftsgordon Pass,389-139-0790,sburrus2s@purevolume.com
Baccas,Quinta,11252 Paget Lane,606-483-3076,qbaccas2t@google.es
Raithbie,Carey,8791 Valley Edge Court,273-102-6683,craithbie2u@shareasale.com
Hellewell,Rube,87167 Helena Trail,540-732-2619,rhellewell2v@amazon.co.uk
Hambrook,Nollie,6 Ridge Oak Park,977-418-9634,nhambrook2w@nsw.gov.au
Philpots,Faythe,39 Scofield Drive,449-628-4725,fphilpots2x@twitpic.com
McKnockiter,Melinde,157 Mallory Pass,899-112-0776,mmcknockiter2y@rediff.com
Hiseman,Monika,42751 Mifflin Pass,451-452-7076,mhiseman2z@163.com
Mallinson,Otes,936 Welch Plaza,985-142-9332,omallinson30@uol.com.br
Downey,Weston,35284 Dapin Junction,408-878-3001,wdowney31@hugedomains.com
Philipot,Thedric,0660 Maple Parkway,745-457-0086,tphilipot32@lulu.com
Leyburn,Bard,42 Summit Terrace,771-113-0300,bleyburn33@yolasite.com
Niemetz,Yovonnda,49663 Blaine Circle,209-421-7084,yniemetz34@yahoo.com
Dorrian,Ashia,11 Waubesa Circle,102-424-9218,adorrian35@indiatimes.com
Bendon,Cati,08 Alpine Terrace,702-178-6900,cbendon36@twitpic.com
Kaes,Adela,06710 Sloan Hill,727-644-2621,akaes37@printfriendly.com
Penswick,Arabela,98416 Butternut Trail,457-637-0404,apenswick38@cdc.gov
Leydon,Mellisent,08899 Myrtle Center,361-296-2695,mleydon39@shareasale.com
Heinl,Enrichetta,92 Transport Hill,878-562-0443,eheinl3a@vinaora.com
Labitt,Tandy,08 Heffernan Pass,731-807-6445,tlabitt3b@vistaprint.com
Sabati,Boonie,6637 Melby Park,399-881-1948,bsabati3c@harvard.edu
Pettegree,Althea,80 Kensington Hill,303-262-2865,apettegree3d@bbb.org
Catlow,Sibelle,840 Dwight Crossing,940-276-6014,scatlow3e@github.com
Vaney,Mehetabel,4077 Golden Leaf Point,910-466-8064,mvaney3f@51.la
Rizzi,Petra,4 Crownhardt Circle,250-846-7308,prizzi3g@youku.com
Strauss,Vivianna,4 Grayhawk Crossing,251-884-7250,vstrauss3h@topsy.com
Mathonnet,Yurik,84 Nova Avenue,780-764-7103,ymathonnet3i@diigo.com
Ramos,Edan,280 Chive Place,591-911-2195,eramos3j@example.com
Brende,Jade,66 Heath Trail,380-707-3133,jbrende3k@theatlantic.com
Amiable,Marguerite,5414 Utah Alley,386-525-5891,mamiable3l@booking.com
Shilstone,Angel,882 Almo Park,816-423-4998,ashilstone3m@nymag.com
Von Hindenburg,Seline,068 Dexter Parkway,900-913-1019,svonhindenburg3n@xing.com
Cary,Claresta,97847 Thackeray Point,908-541-2811,ccary3o@hibu.com
Pask,Zachary,8 Rockefeller Crossing,661-773-5689,zpask3p@mtv.com
Larchiere,Elihu,6 Sugar Circle,314-290-2967,elarchiere3q@surveymonkey.com
Khilkov,Jolyn,2407 Fuller Way,285-852-5741,jkhilkov3r@marketwatch.com
Meryett,Tallulah,52 Bartelt Pass,343-584-6445,tmeryett3s@e-recht24.de
Jeanel,Giustino,4 Sugar Crossing,889-383-1584,gjeanel3t@globo.com
Ekkel,Dyna,7876 Oakridge Trail,297-842-0500,dekkel3u@cnet.com
Corss,Ardisj,655 Macpherson Alley,231-929-1199,acorss3v@cornell.edu
Fennelow,Jenn,1 Meadow Vale Road,642-948-1697,jfennelow3w@ask.com
Scrannage,Korie,67430 Northwestern Terrace,893-264-3156,kscrannage3x@com.com
Merrick,Mattheus,523 Manley Plaza,975-619-2275,mmerrick3y@telegraph.co.uk
Boffin,Devlin,6 Meadow Valley Terrace,786-707-8315,dboffin3z@taobao.com
Schade,Mable,03302 Badeau Place,945-414-2539,mschade40@github.com
Yockney,Nevsa,660 Dorton Terrace,427-366-8348,nyockney41@prlog.org
Agglio,Kathi,7226 Shasta Trail,457-467-3481,kagglio42@jigsy.com
Scarce,Constantina,02 Memorial Junction,784-768-1384,cscarce43@economist.com
Brasner,Lorne,15 Nova Crossing,350-281-6807,lbrasner44@usgs.gov
Burdoun,Rudd,4334 Mifflin Court,929-694-0490,rburdoun45@youtube.com
Jerdon,Milzie,8 Debs Alley,200-632-2022,mjerdon46@webeden.co.uk
Sarver,Barnard,8 Towne Street,379-710-0007,bsarver47@vinaora.com
Bodycombe,Tuesday,4 Jenifer Trail,694-745-8768,tbodycombe48@buzzfeed.com
Cuzen,Carree,16 Debs Circle,823-943-1799,ccuzen49@census.gov
Wheelwright,Morris,487 Sloan Court,614-673-8234,mwheelwright4a@google.it
Michin,Rip,33 Pawling Pass,777-447-0237,rmichin4b@acquirethisname.com
Metham,Puff,9 Surrey Road,144-547-2450,pmetham4c@over-blog.com
Halcro,Jody,10 Sunfield Place,750-828-8666,jhalcro4d@unesco.org
MacFall,Ricki,41 Bashford Parkway,917-718-2349,rmacfall4e@godaddy.com
Lamberton,Cinderella,1 Ryan Court,335-941-0182,clamberton4f@dagondesign.com
Giller,Esdras,2 Transport Parkway,419-111-9293,egiller4g@bloomberg.com
Gaber,Mindy,44 Dottie Park,690-534-0848,mgaber4h@comcast.net
Ashfield,Korrie,6947 Barby Hill,627-124-5749,kashfield4i@newsvine.com
Yurkov,Harlin,662 Di Loreto Crossing,510-295-3972,hyurkov4j@home.pl
Klouz,Kristy,76 Crowley Hill,676-621-8179,kklouz4k@arstechnica.com
Rotchell,Francis,3402 Fisk Alley,114-484-6199,frotchell4l@mac.com
Kornyshev,Joelly,17530 Myrtle Way,497-433-3054,jkornyshev4m@accuweather.com
Speller,Abel,5447 Scott Point,519-501-9615,aspeller4n@jalbum.net
Cunningham,Kiley,462 Caliangt Park,846-938-7547,kcunningham4o@berkeley.edu
Featherstone,Adam,4 Northridge Court,788-835-6583,afeatherstone4p@macromedia.com
Ratnege,Derrik,689 Portage Terrace,419-834-9092,dratnege4q@wufoo.com
Clerk,Carie,97373 Delladonna Terrace,813-418-8401,cclerk4r@theglobeandmail.com
Ivantyev,Talya,8 Redwing Park,950-385-3247,tivantyev4s@tripod.com
Mollatt,Hughie,81880 Farwell Center,135-857-0361,hmollatt4t@kickstarter.com
Baukham,Cristine,6960 Bayside Way,647-168-4207,cbaukham4u@ocn.ne.jp
Stonall,Valeria,4293 Anhalt Drive,655-326-2843,vstonall4v@reuters.com
Mc Dermid,Germayne,7208 Manitowish Parkway,351-895-1742,gmcdermid4w@seattletimes.com
O'Bradane,King,33 Corscot Hill,843-126-3806,kobradane4x@prlog.org
Ivoshin,Barnebas,9 Blaine Center,295-205-4862,bivoshin4y@csmonitor.com
Rabier,Layney,5154 Garrison Pass,278-820-8633,lrabier4z@princeton.edu
Caswell,Dannel,8775 Blaine Way,952-606-5315,dcaswell50@infoseek.co.jp
Fortnam,Adora,85 Arkansas Pass,256-850-0291,afortnam51@unicef.org
Spring,Griz,2326 Commercial Lane,136-811-2819,gspring52@twitter.com
Langran,Mureil,1 Northview Trail,425-872-6034,mlangran53@va.gov
Kitt,Binni,3491 Morningstar Crossing,125-556-6403,bkitt54@1688.com
Caudelier,Goraud,9104 Sloan Way,262-228-9806,gcaudelier55@walmart.com
Pattemore,Cordie,335 Schlimgen Avenue,351-863-2424,cpattemore56@accuweather.com
Smaleman,Aundrea,1657 Pennsylvania Plaza,362-388-8139,asmaleman57@youku.com
Hewins,Thornie,42745 Beilfuss Place,836-807-8305,thewins58@rambler.ru
Kubicki,Millicent,73 Stuart Drive,349-245-1650,mkubicki59@cbc.ca
Doddemeede,Editha,4300 Westridge Plaza,497-976-6102,edoddemeede5a@cyberchimps.com
O'Currigan,Alfy,1022 Eagan Street,970-397-6680,aocurrigan5b@godaddy.com
Beare,Lucine,7128 Thierer Hill,139-186-0993,lbeare5c@naver.com
Denton,Alameda,7582 Crowley Place,999-120-3325,adenton5d@tripod.com
Cradock,Cobby,04363 Tennessee Alley,170-268-2860,ccradock5e@soup.io
Smeeth,Jill,4955 Mayer Park,289-266-5275,jsmeeth5f@yale.edu
Tomlett,Raquela,41807 3rd Parkway,646-793-5537,rtomlett5g@cisco.com
Muckloe,Rosaline,046 Rowland Parkway,877-162-1493,rmuckloe5h@wordpress.com
Voase,Danice,76 Hanover Plaza,703-912-8062,dvoase5i@hibu.com
Vokes,Ines,38 Meadow Valley Trail,726-316-0795,ivokes5j@quantcast.com
