Jaxbean,1 Main Road,smayhead0@github.com
Kanoodle,29 Kings Way,jhewlings1@biglobe.ne.jp
Ooba,64 Golf Crossing,hridgedell2@chronoengine.com
Linkbridge,075 1st Center,mridulfo3@parallels.com
Yamia,720 Prentice Drive,wraxworthy4@engadget.com
Fanoodle,19379 Northview Terrace,mjemmett5@webmd.com
Topdrive,8 Ruskin Drive,ddifrancecshi6@blogtalkradio.com
Quamba,3840 Almo Street,aslate7@shutterfly.com
Bluezoom,94 La Follette Drive,rwitz8@prlog.org
Fadeo,31 Surrey Plaza,ldureden9@devhub.com
Yodo,841 Shopko Park,lknappea@vistaprint.com
Centidel,2365 Independence Place,yjolliffb@jigsy.com
Layo,44 Boyd Court,epauntonc@businessinsider.com
Gabtune,98834 Carey Terrace,jschirachd@biblegateway.com
Quaxo,0 Cherokee Plaza,skervine@google.com
Jaxnation,6117 Fuller Court,jjosephofff@booking.com
Twitterlist,894 Anderson Trail,cstearsg@unblog.fr
Brainsphere,58 Thierer Court,rortegah@spiegel.de
Flashdog,3139 Fisk Place,vbartai@ibm.com
Jabberstorm,1 Caliangt Hill,jvoglj@themeforest.net
